{
  "top2a_minus_epas1": {
    "candidate_name": "top2a_minus_epas1",
    "equation": "0.0986*(TOP2A - EPAS1) + 0.1606",
    "genes_used": [
      "TOP2A",
      "EPAS1"
    ],
    "dataset": "TCGA-KIRC metastasis M1 vs M0 (n=505, 45 genes)",
    "expected_gate": "pass",
    "category": "strong_survivor",
    "n_samples": 505,
    "n_disease": 79,
    "passes": true,
    "perm_p": 0.0,
    "original_auc": 0.7255601117252035,
    "law_auc": 0.7255601117252035,
    "baseline_auc": 0.6555832887621085,
    "delta_baseline": 0.06997682296309504,
    "ci_width": 0.11662198001966917,
    "ci_lower": 0.6645561277891102,
    "delta_confound": 0.22556011172520352,
    "confound_auc": 0.5,
    "decoy_p": 0.0,
    "decoy_q95": 0.5662417543234087
  },
  "mki67_minus_epas1": {
    "candidate_name": "mki67_minus_epas1",
    "equation": "0.1686 * log1p(exp(MKI67 - EPAS1))",
    "genes_used": [
      "MKI67",
      "EPAS1"
    ],
    "dataset": "TCGA-KIRC metastasis M1 vs M0 (n=505, 45 genes)",
    "expected_gate": "pass",
    "category": "strong_survivor",
    "n_samples": 505,
    "n_disease": 79,
    "passes": true,
    "perm_p": 0.0,
    "original_auc": 0.7076127651987877,
    "law_auc": 0.7076127651987877,
    "baseline_auc": 0.6555832887621085,
    "delta_baseline": 0.05202947643667921,
    "ci_width": 0.12363501224731044,
    "ci_lower": 0.6419952653333828,
    "delta_confound": 0.20761276519878769,
    "confound_auc": 0.5,
    "decoy_p": 0.0,
    "decoy_q95": 0.5662417543234087
  },
  "hif_textbook_tn": {
    "candidate_name": "hif_textbook_tn",
    "equation": "log1p(CA9) + log1p(VEGFA) - log1p(AGXT)",
    "genes_used": [
      "CA9",
      "VEGFA",
      "AGXT"
    ],
    "dataset": "TCGA-KIRC tumor vs normal (n=609, 11 genes)",
    "expected_gate": "fail",
    "category": "borderline_reject",
    "n_samples": 609,
    "n_disease": 537,
    "passes": false,
    "perm_p": 0.0,
    "original_auc": 0.9844558245396233,
    "law_auc": 0.9844558245396233,
    "baseline_auc": 0.9654976205255534,
    "delta_baseline": 0.01895820401406989,
    "ci_width": 0.021360837772849695,
    "ci_lower": 0.9727208139889786,
    "delta_confound": 0.4844558245396233,
    "confound_auc": 0.5,
    "decoy_p": 0.0,
    "decoy_q95": 0.5694560831781502
  },
  "five_gene_compound": {
    "candidate_name": "five_gene_compound",
    "equation": "log1p(log1p(exp(MKI67 - exp(((EPAS1 - PTGER3) + LRP2) - RPL13A)))) * 0.627",
    "genes_used": [
      "MKI67",
      "EPAS1",
      "PTGER3",
      "LRP2",
      "RPL13A"
    ],
    "dataset": "TCGA-KIRC metastasis M1 vs M0 (n=505, 45 genes)",
    "expected_gate": "pass",
    "category": "stress_test",
    "n_samples": 505,
    "n_disease": 79,
    "passes": true,
    "perm_p": 0.0,
    "original_auc": 0.726332679622036,
    "law_auc": 0.726332679622036,
    "baseline_auc": 0.6555832887621085,
    "delta_baseline": 0.07074939085992749,
    "ci_width": 0.13111425001833432,
    "ci_lower": 0.6634584018678561,
    "delta_confound": 0.22591668152374156,
    "confound_auc": 0.5,
    "decoy_p": 0.0,
    "decoy_q95": 0.5662417543234087
  },
  "actb_minus_gapdh": {
    "candidate_name": "actb_minus_gapdh",
    "equation": "log1p(ACTB) - log1p(GAPDH)",
    "genes_used": [
      "ACTB",
      "GAPDH"
    ],
    "dataset": "TCGA-KIRC metastasis M1 vs M0 (n=505, 45 genes)",
    "expected_gate": "fail",
    "category": "clean_reject",
    "n_samples": 505,
    "n_disease": 79,
    "passes": false,
    "perm_p": 0.852,
    "original_auc": 0.5071908242705176,
    "law_auc": 0.5071908242705176,
    "baseline_auc": 0.5757710821893385,
    "delta_baseline": -0.06858025791882083,
    "ci_width": 0.1471109824792794,
    "ci_lower": 0.4347315251659805,
    "delta_confound": 0.007190824270517648,
    "confound_auc": 0.5,
    "decoy_p": 0.83,
    "decoy_q95": 0.5662417543234087
  },
  "mki67_minus_rpl13a": {
    "candidate_name": "mki67_minus_rpl13a",
    "equation": "log1p(MKI67) - log1p(RPL13A)",
    "genes_used": [
      "MKI67",
      "RPL13A"
    ],
    "dataset": "TCGA-KIRC metastasis M1 vs M0 (n=505, 45 genes)",
    "expected_gate": "fail",
    "category": "clean_reject",
    "n_samples": 505,
    "n_disease": 79,
    "passes": false,
    "perm_p": 0.0,
    "original_auc": 0.631485113210911,
    "law_auc": 0.631485113210911,
    "baseline_auc": 0.6445593391573066,
    "delta_baseline": -0.013074225946395512,
    "ci_width": 0.13644022847772763,
    "ci_lower": 0.5581377255840828,
    "delta_confound": 0.13148511321091105,
    "confound_auc": 0.5,
    "decoy_p": 0.0,
    "decoy_q95": 0.5662417543234087
  }
}