{
  "task_baselines": {
    "flagship": {
      "task": "flagship",
      "n_samples": 609,
      "n_features": 8,
      "positive_rate": 0.8817733990147784,
      "baselines": {
        "sign_invariant_max": {
          "auc": 0.9654976205255534,
          "meta": {
            "best_feature_index": 0,
            "per_feature": [
              0.9654976205255534,
              0.9592127043244363,
              0.9263138837161184,
              0.9639716532174633,
              0.8948893027105317,
              0.9558245396234224,
              0.7605912476722533,
              0.7992189116490792
            ]
          }
        },
        "lr_single": {
          "auc": 0.9657775799831875,
          "meta": {
            "best_feature": "CA9",
            "per_feature_auc": {
              "CA9": 0.9657775799831875,
              "VEGFA": 0.9561719329476338,
              "LDHA": 0.9253018839934727,
              "NDUFA4L2": 0.9638468575384463,
              "SLC2A1": 0.8906497552291945,
              "ENO2": 0.954898630272462,
              "AGXT": 0.7626511892399742,
              "ALB": 0.7965556544528507
            }
          }
        },
        "lr_pair_interaction": {
          "auc": 0.9841650595856203,
          "meta": {
            "best_pair": [
              "VEGFA",
              "ALB"
            ],
            "per_pair_auc": {
              "CA9|VEGFA": 0.9692028878010186,
              "CA9|LDHA": 0.9676316570241802,
              "CA9|NDUFA4L2": 0.9592313207733769,
              "CA9|SLC2A1": 0.982350541462691,
              "CA9|ENO2": 0.970672501607081,
              "CA9|AGXT": 0.9819757207140386,
              "CA9|ALB": 0.9798145675715769,
              "VEGFA|LDHA": 0.9558154081985858,
              "VEGFA|NDUFA4L2": 0.9692182168817685,
              "VEGFA|SLC2A1": 0.9612495673243338,
              "VEGFA|ENO2": 0.9622073876279483,
              "VEGFA|AGXT": 0.9763828314295603,
              "VEGFA|ALB": 0.9841650595856203,
              "LDHA|NDUFA4L2": 0.9606423379320577,
              "LDHA|SLC2A1": 0.9283466844681797,
              "LDHA|ENO2": 0.9560416357612619,
              "LDHA|AGXT": 0.9111138307867279,
              "LDHA|ALB": 0.9303750679918904,
              "NDUFA4L2|SLC2A1": 0.971063393166197,
              "NDUFA4L2|ENO2": 0.9590320427236314,
              "NDUFA4L2|AGXT": 0.9744014241210502,
              "NDUFA4L2|ALB": 0.9783452010087524,
              "SLC2A1|ENO2": 0.9588562527814866,
              "SLC2A1|AGXT": 0.8884453345201008,
              "SLC2A1|ALB": 0.9002076843198339,
              "ENO2|AGXT": 0.9587551302971864,
              "ENO2|ALB": 0.9620184937941948,
              "AGXT|ALB": 0.8085481877070663
            }
          }
        }
      }
    },
    "tier2": {
      "task": "tier2",
      "n_samples": 534,
      "n_features": 11,
      "positive_rate": 0.3857677902621723,
      "baselines": {
        "sign_invariant_max": {
          "auc": 0.609815297182098,
          "meta": {
            "best_feature_index": 8,
            "per_feature": [
              0.5256482358512906,
              0.5584596258583945,
              0.501391191096377,
              0.5526876627989581,
              0.5070743547241298,
              0.5449621122424816,
              0.5216892611887284,
              0.5609904096613781,
              0.609815297182098,
              0.5724455363485673,
              0.5299254084773858
            ]
          }
        },
        "lr_single": {
          "auc": 0.6084604826068242,
          "meta": {
            "best_feature": "CUBN",
            "per_feature_auc": {
              "CA9": 0.5281997677119629,
              "VEGFA": 0.557372546153034,
              "LDHA": 0.5269423259667162,
              "NDUFA4L2": 0.5525503764528155,
              "SLC2A1": 0.5095689676177482,
              "ENO2": 0.543335201383982,
              "AGXT": 0.5202736288102142,
              "ALB": 0.5611231045377387,
              "CUBN": 0.6084604826068242,
              "PTGER3": 0.5711592472568082,
              "SLC12A3": 0.5295924400802449
            }
          }
        },
        "lr_pair_interaction": {
          "auc": 0.6433603794579404,
          "meta": {
            "best_pair": [
              "CA9",
              "CUBN"
            ],
            "per_pair_auc": {
              "CA9|VEGFA": 0.5833530696945332,
              "CA9|LDHA": 0.531153886763643,
              "CA9|NDUFA4L2": 0.5642983033226937,
              "CA9|SLC2A1": 0.5538968348724447,
              "CA9|ENO2": 0.5581345483784508,
              "CA9|AGXT": 0.5028124720807647,
              "CA9|ALB": 0.555825962655231,
              "CA9|CUBN": 0.6433603794579404,
              "CA9|PTGER3": 0.5647286047286048,
              "CA9|SLC12A3": 0.5549557759313857,
              "VEGFA|LDHA": 0.5508428157208646,
              "VEGFA|NDUFA4L2": 0.5614133833646029,
              "VEGFA|SLC2A1": 0.576677306433404,
              "VEGFA|ENO2": 0.5713528747675088,
              "VEGFA|AGXT": 0.5056668534717315,
              "VEGFA|ALB": 0.5556565385833678,
              "VEGFA|CUBN": 0.6081237461725266,
              "VEGFA|PTGER3": 0.5617445968665481,
              "VEGFA|SLC12A3": 0.5188546412936657,
              "LDHA|NDUFA4L2": 0.5560589004491444,
              "LDHA|SLC2A1": 0.5013890174865785,
              "LDHA|ENO2": 0.5578947881386906,
              "LDHA|AGXT": 0.5113618089227845,
              "LDHA|ALB": 0.5572728084923206,
              "LDHA|CUBN": 0.6238481843359892,
              "LDHA|PTGER3": 0.5601002249782738,
              "LDHA|SLC12A3": 0.5285956320102662,
              "NDUFA4L2|SLC2A1": 0.5421060240572435,
              "NDUFA4L2|ENO2": 0.5308467142613484,
              "NDUFA4L2|AGXT": 0.5262935438545194,
              "NDUFA4L2|ALB": 0.57353280865476,
              "NDUFA4L2|CUBN": 0.6362517157639109,
              "NDUFA4L2|PTGER3": 0.5806544674837357,
              "NDUFA4L2|SLC12A3": 0.5610071229583424,
              "SLC2A1|ENO2": 0.5517237234310405,
              "SLC2A1|AGXT": 0.5162146796293138,
              "SLC2A1|ALB": 0.5709227358007847,
              "SLC2A1|CUBN": 0.618524889744402,
              "SLC2A1|PTGER3": 0.5590310502505625,
              "SLC2A1|SLC12A3": 0.536276406520309,
              "ENO2|AGXT": 0.5465121869999919,
              "ENO2|ALB": 0.5689208352622986,
              "ENO2|CUBN": 0.633373618251667,
              "ENO2|PTGER3": 0.5789832931296346,
              "ENO2|SLC12A3": 0.5570994858799737,
              "AGXT|ALB": 0.5405006375738083,
              "AGXT|CUBN": 0.5951065194967634,
              "AGXT|PTGER3": 0.5707341439048756,
              "AGXT|SLC12A3": 0.5392842929428294,
              "ALB|CUBN": 0.6108041551943991,
              "ALB|PTGER3": 0.5841665651421749,
              "ALB|SLC12A3": 0.5604863429253674,
              "CUBN|PTGER3": 0.6087699292577341,
              "CUBN|SLC12A3": 0.6148904753782802,
              "PTGER3|SLC12A3": 0.5816373870032406
            }
          }
        }
      }
    }
  },
  "per_task_per_kind": [
    {
      "task": "flagship",
      "baseline_kind": "lr_pair_interaction",
      "survivors": 0,
      "n_candidates": 33,
      "max_delta": 0.010455259057044697
    },
    {
      "task": "flagship",
      "baseline_kind": "lr_single",
      "survivors": 0,
      "n_candidates": 33,
      "max_delta": 0.028842738659477507
    },
    {
      "task": "flagship",
      "baseline_kind": "sign_invariant_max",
      "survivors": 0,
      "n_candidates": 33,
      "max_delta": 0.029122698117111545
    },
    {
      "task": "tier2",
      "baseline_kind": "lr_pair_interaction",
      "survivors": 0,
      "n_candidates": 34,
      "max_delta": -0.004848065936747026
    },
    {
      "task": "tier2",
      "baseline_kind": "lr_single",
      "survivors": 0,
      "n_candidates": 34,
      "max_delta": 0.03005183091436925
    },
    {
      "task": "tier2",