{
  "hypothesis_id": "phl6_gse53757_external_replay",
  "cohort_csv": "data/gse53757_ccrcc.csv",
  "n": 144,
  "n_positive": 72,
  "n_negative": 72,
  "gene_panel_used": [
    "TOP2A",
    "EPAS1",
    "MKI67",
    "CCNA2",
    "CCNB1",
    "CDK1",
    "PCNA",
    "VEGFA",
    "CA9",
    "ENO2",
    "ACTB",
    "GAPDH",
    "RPL13A",
    "LDHA",
    "AGXT",
    "ALB",
    "CUBN",
    "PTGER3",
    "SLC12A3",
    "SLC2A1",
    "ALDOA",
    "ANGPTL4",
    "BHLHE40",
    "DDIT4",
    "ENO1",
    "HK2"
  ],
  "covariates_used": [
    "age",
    "batch_index"
  ],
  "report": {
    "passes": false,
    "perm_p": 0.0,
    "original_auc": 0.27102623456790126,
    "ci_width": 0.17266929296816547,
    "ci_lower": 0.18599019462549898,
    "mean_auc": 0.27099934170921847,
    "delta_baseline": -0.7243441358024691,
    "law_auc": 0.27102623456790126,
    "baseline_auc": 0.9953703703703703,
    "delta_confound": 0.2289737654320988,
    "confound_auc": 0.5,
    "decoy_p": 1.0,
    "decoy_q95": 0.5949652777777777
  },
  "prereg_file": "preregistrations/20260423T224229Z_phl6_gse53757_external_replay.yaml",
  "verdict_primary": "FAIL",
  "secondary_endpoint_stage_stratification": {
    "status": "run",
    "n": 72,
    "n_early_stage12": 43,
    "n_late_stage34": 29,
    "auroc": 0.7137129109863672,
    "auroc_sign_inv": 0.7137129109863672,
    "ci_lower": 0.5843228916145583,
    "ci_upper": 0.8319944985569986,
    "pass_secondary": true
  }
}